Broad region value,Broad region,Specific region value,Specific region (country or colony),Place value,Places (port or location)
10000,Europe,10100,Spain,10101,Alicante
,,,,10102,Barcelona
,,,,10103,Bilbao
,,,,10104,Cadiz
,,,,10105,Figuera
,,,,10106,Gibraltar
,,,,10107,Coruña
,,,,10108,Ávila
,,,,10109,Beja
,,,,10110,Santander
,,,,10111,Seville
,,,,10112,San Lucar
,,,,10113,Vigo
,,,,10114,Albacete
,,,,10115,Puerto Santa Maria
,,,,10116,Bragança
,,,,10117,Córdoba
,,,,10118,Extremadura
,,,,10119,Faro
,,,,10121,Galicia
,,,,10122,Granada
,,,,10123,"Gipuzkoa, Spain"
,,,,10124,Madrid
,,,,10125,Málaga
,,,,10126,"Mos, Pontevedra"
,,,,10127,Murcia
,,,,10128,Renton
,,,,10129,Olhão
,,,,10131,Valladolid
,,,,10199,"Spain, place unspecified"
10000,Europe,10200,Portugal,10201,Ameixeira
,,,,10202,Lagos
,,,,10203,Lisbon
,,,,10204,Oporto
,,,,10205,Ilha do Fayal
,,,,10206,Setubal
,,,,10207,Aveiro
,,,,10208,Barcelos
,,,,10209,Belém
,,,,10210,Braga
,,,,10211,carzon de Braganza
,,,,10212,Cascais
,,,,10213,Castelo Branco
,,,,10214,Cernache do Bonjardim
,,,,10215,Chaves
,,,,10216,Coimbra
,,,,10217,Penalva do Castelo
,,,,10218,Evora
,,,,10219,Fafe
,,,,10221,Graja
,,,,10222,Guarda
,,,,10223,Guimaraes
,,,,10224,Leiria
,,,,10225,Lugo
,,,,10226,Mouraz
,,,,10227,Óbidos
,,,,10228,Ribadeo
,,,,10229,Porto
,,,,10230,Ourém
,,,,10231,Freixo
,,,,10232,villa cova
,,,,10233,Santarém
,,,,10234,São Martinho da Gândara
,,,,10235,"Ilha de São Miguel, Açores"
,,,,10236,"Sao Pedro lomar, Braga"
,,,,10237,Sintra
,,,,10238,Tavira
,,,,10239,Vila Nova de Gaia
,,,,10242,Viseu
,,,,10244,Vila Nova
,,,,10252,Funchal
,,,,10253,Vila Real
,,,,10254,Tabula
,,,,10255,"Pomar, Coimbra"
,,,,10299,"Portugal, port unspecified"
10000,Europe,10300,Great Britain,10301,"Ainsdale, Southport"
,,,,10302,Ovingham
,,,,10399,"Great Britain, place unspecified"
10000,Europe,10400,England and Wales,10401,Barmouth
,,,,10402,Bideford
,,,,10403,Birkenhead
,,,,10404,Bristol
,,,,10405,Brixham
,,,,10406,Broadstairs
,,,,10407,Cawsand
,,,,10408,Chepstow
,,,,10409,Chester
,,,,10410,Colchester
,,,,10411,Cowes
,,,,10412,Dartmouth
,,,,10413,Deptford
,,,,10414,Dover
,,,,10415,Exeter
,,,,10416,Folkstone
,,,,10417,Frodsham
,,,,10418,Gainsborough
,,,,10419,Greenwich
,,,,10420,Guernsey
,,,,10421,Harwich
,,,,10422,Hull
,,,,10423,Ilfracombe
,,,,10424,Ipswich
,,,,10425,Isle of Man
,,,,10426,Isle of Wight
,,,,10427,Jersey
,,,,10428,Kendal
,,,,10429,King's Lynn
,,,,10430,Lancaster
,,,,10431,Lindale
,,,,10432,Liverpool
,,,,10433,London
,,,,10434,Lyme
,,,,10435,"Lancashire, place unspecified"
,,,,10436,Maryport
,,,,10437,Milford Haven
,,,,10438,New Shoreham
,,,,10439,Newcastle upon Tyne
,,,,10440,Newnham
,,,,10441,North Shields
,,,,10442,Northam
,,,,10443,Norwich
,,,,10444,Padstowe
,,,,10445,Parkgate
,,,,10446,Piel of Foulney
,,,,10447,Plymouth
,,,,10448,Poole
,,,,10449,Portsery
,,,,10450,Portsmouth
,,,,10451,Poulton
,,,,10452,Preston
,,,,10453,Ramsgate
,,,,10454,Ravenglass
,,,,10455,River Thames
,,,,10456,Rochester
,,,,10457,Rotherhithe
,,,,10458,Rye
,,,,10459,Scarborough
,,,,10460,Sheerness
,,,,10461,Shields
,,,,10462,Shoreham
,,,,10463,Sidmouth
,,,,10464,Southampton
,,,,10465,Barton
,,,,10466,Stockton
,,,,10467,Stockwithe
,,,,10468,Sunderland
,,,,10469,Teignmouth
,,,,10470,Topsham
,,,,10471,Torbay
,,,,10472,Wales
,,,,10473,Whitby
,,,,10474,Whitehaven
,,,,10475,Bath
,,,,10476,Workington
,,,,10477,Yarmouth
,,,,10478,Youghal
,,,,10479,Conway
,,,,10480,Falmouth (Eng.)
,,,,10481,Lymehouse (a) Limehouse
,,,,10482,"Beaumont cote, Bolton le Sands, Lancashire"
,,,,10483,Beckermet
,,,,10484,Ruthin
,,,,10485,Lympstone
,,,,10486,"Ballatoar, Isle of Man"
,,,,10488,Ashton-in-Makerfield
,,,,10489,Aspull
,,,,10490,Aughton
,,,,10491,Dalton-in-Furness
,,,,10492,"Bodfari, Flintshire"
,,,,10493,Bootle
,,,,10494,Brampton Bryan
,,,,10495,"Bromfield, Cumberland"
,,,,10496,"Brookhouse, Caton"
,,,,10497,"Bunbury, Cheshire"
,,,,10498,"Smithies, South Barnsley"
,,,,10499,"England, place unspecified"
,,,,10994,Hornby
,,,,104701,"Douglas, Isle of Man"
,,,,104702,Widnes
,,,,104703,Cumbria
,,,,104704,Cuerden
,,,,104705,Eccleston
,,,,104706,Davenham
,,,,104707,"Darnall, Sheffield"
,,,,104708,Thornton
,,,,104709,"St Anne's Hill, Liverpool"
,,,,104710,Linacre nr Bootle
,,,,104711,Great Bolton
,,,,104712,"Thingwell, Cheshire"
,,,,104801,Northwich
,,,,104802,Ormskirk
,,,,104803,Oulton
,,,,104804,"Overthwaite, Beetham"
,,,,104805,"Pembrokeshire, UK"
,,,,104806,Pilling
,,,,104807,Plymtree
,,,,104808,Chesterfield
,,,,104811,Rainford
,,,,104812,"Ramsey, I of Man"
,,,,104813,Ribby
,,,,104814,Richmond
,,,,104816,Roosebeck
,,,,104817,Denbighshire
,,,,104818,"Schools Hill, Cheadle"
,,,,104819,Shropshire
,,,,104820,Everton
,,,,104821,Old Snydale
,,,,104822,Solihull
,,,,104823,Saint Bees
,,,,104824,"St Chads, Poulton-le-Fylde"
,,,,104825,Saint Asaph
,,,,104826,Stalmine
,,,,104827,"Stoke Village, Plymouth"
,,,,104828,Bowness-on-Windermere
,,,,104829,Stratford-upon-Avon
,,,,104831,Kirkby Lonsdale
,,,,104832,Surrey
,,,,104834,Tarvin
,,,,104835,Thornton in Lonsdale
,,,,104836,Thorp Arch
,,,,104837,Toxteth
,,,,104838,Ulverston
,,,,104839,"Ellel, Lancashire"
,,,,104842,Wavertree
,,,,104843,Weobley
,,,,104844,West Auckland
,,,,104845,"West Derby, Liverpool"
,,,,104846,Westbury-on Trym
,,,,104847,Westminster
,,,,104848,"Whicham, Cumberland"
,,,,104849,Whiston
,,,,104851,"Witton, Cheshire"
,,,,104852,Wivenhoe
,,,,104853,Woodford
,,,,104854,Woolton
,,,,104855,York
,,,,104856,Yorkshire
,,,,104901,Moreton
,,,,104903,Mount Vernon
,,,,104904,Mylor Churchtown
,,,,104905,Nantwich
,,,,104906,Derbyshire
,,,,104907,Newport
,,,,104908,"Norfolk, UK"
,,,,104909,"Northumberland, UK"
,,,,104911,Greatacre
,,,,104912,Caton
,,,,104913,Pentre Llanrhaeadr
,,,,104914,Lymm
,,,,104915,Manchester
,,,,104916,Heaton Norris
,,,,104917,Millom
,,,,104918,Milnthorpe
,,,,104919,Minehead
,,,,104921,Kirkham
,,,,104922,Knowsley
,,,,104923,"Warbrick, Liverpool"
,,,,104924,Tunstall
,,,,104925,Leyland
,,,,104926,Liscard
,,,,104927,Lisson Grove
,,,,104928,Litherland
,,,,104929,Little Colan
,,,,104931,"Hillcliff, Warrington"
,,,,104933,Hubberston
,,,,104935,Huyton
,,,,104936,Islington
,,,,104937,Kent
,,,,104938,Kingston
,,,,104941,Greenbank
,,,,104942,Grinsdale
,,,,104943,Hambleton
,,,,104944,Haverfordwest
,,,,104946,Hereford
,,,,104947,Heversham
,,,,104948,Heysham
,,,,104949,"Highfield, Liverpool"
,,,,104951,Denbigh
,,,,104952,"Edgehill, Liverpool"
,,,,104953,Ellel
,,,,104954,Etton
,,,,104956,Flixton
,,,,104957,Giggleswick
,,,,104958,Great Crosby
,,,,104960,"Beacon Rise, Stone"
,,,,104961,Cambridge
,,,,104962,Dalemain
,,,,104963,"Sandfield, Wallasey"
,,,,104964,Wakefield
,,,,104965,Moss Side
,,,,104966,"Devon, UK"
,,,,104967,Dorset
,,,,104968,"Westmorland, place unspecified"
,,,,104969,"Blackley Hurst Hall, Billinge"
,,,,104970,"Ashburton, Devon"
,,,,104971,"Chorlton Hall, Backford"
,,,,104972,Church Green Lymm
,,,,104973,Claughton
,,,,104974,Cockerham
,,,,104975,"Colton, Lancashire"
,,,,104976,Colwall Stone
,,,,104977,Congleton
,,,,104978,Warrington
,,,,104979,Warminster
,,,,104980,Homestead
,,,,104981,Walton
,,,,104982,"Carlisle, Cumbria"
,,,,104983,"Castle Godwyn, Gloucester"
,,,,104984,Caton Green
,,,,104985,"Chard, Devon"
,,,,104986,Cheshire
,,,,104987,Childer Thornton
,,,,104988,Childwall
,,,,104989,Chorley
,,,,104990,Mile End Liverpool
,,,,104992,Prescot
,,,,104993,"Middleton, Tamworth"
,,,,104995,Caton Lancashire
,,,,104996,Fairfield
,,,,104998,Cumberland
10000,Europe,10500,Scotland,10501,Airth
,,,,10502,Borrowstounness
,,,,10503,Dundee
,,,,10504,Glasgow
,,,,10505,Greenock
,,,,10506,Leith
,,,,10508,Montrose
,,,,10509,Ross
,,,,10510,Saltcoats
,,,,10511,"Largo, Fifeshire"
,,,,10512,Dumfries
,,,,10513,Point Askaig
,,,,10514,Cambletown
,,,,10515,Portpatrick
,,,,10516,Erwin
,,,,10517,Aberdeen
,,,,10518,Stranraer
,,,,10519,Oban
,,,,10520,Campbeltown
,,,,10521,Loch Dochfour
,,,,10522,Dumfriesshire
,,,,10523,Edinburgh
,,,,10524,Galloway
,,,,10525,Gretna
,,,,10526,Jedburgh
,,,,10527,Killead
,,,,10528,kincardineshire
,,,,10529,Kirkcudbright
,,,,10530,Kirkliston
,,,,10531,Netherton
,,,,10532,"Pentland Firth, UK"
,,,,10533,"Perth, Scotland"
,,,,10534,Tarbolton
,,,,10535,Turnberry
,,,,10599,"Scotland, place unspecified"
10000,Europe,10600,Ireland,10601,Cork
,,,,10602,Dublin
,,,,10603,Dungarvan
,,,,10604,Galway
,,,,10605,Kinsale
,,,,10606,Limerick
,,,,10607,Londonderry
,,,,10608,Ringsend
,,,,10609,Strangford
,,,,10610,Waterford
,,,,10611,Wexford
,,,,10612,Belfast
,,,,10613,Coleraine
,,,,10614,Skibbereen
,,,,10615,"Tonaghmore, Cloghernalaura"
,,,,10616,Tynan
,,,,10617,Drogheda
,,,,10618,Lough Neagh
,,,,10699,"Ireland, place unspecified"
10000,Europe,10700,France,10702,Bayonne
,,,,10703,Bordeaux
,,,,10704,Brest
,,,,10705,Calais
,,,,10706,Camaret
,,,,10707,Dieppe
,,,,10708,Dinard
,,,,10709,Dunkerque
,,,,10710,Honfleur
,,,,10711,Ile de Batz
,,,,10712,La Rochelle
,,,,10713,Le Havre
,,,,10714,Les Sables
,,,,10715,Lorient
,,,,10716,Marseille
,,,,10717,Mediterranean coast (France)
,,,,10718,Mindin
,,,,10719,Morlaix
,,,,10720,Nantes
,,,,10721,Paimboeuf
,,,,10722,Port Louis
,,,,10723,Quimper
,,,,10724,Rochefort
,,,,10725,Saint-Brieuc
,,,,10726,Saint-Malo
,,,,10727,Saint-Nazaire
,,,,10728,Saint-Tropez
,,,,10729,Sète
,,,,10730,Vannes
,,,,10731,Anucita
,,,,10732,Barbezieux-Saint-Hilaire
,,,,10733,Beau sejour
,,,,10734,Bergerac
,,,,10735,Biarritz
,,,,10736,Blaye
,,,,10737,Cadillac
,,,,10738,Castres
,,,,10739,Chaillevette
,,,,10741,Clairac
,,,,10742,Étaules
,,,,10743,Grateloup-Saint-Gayrand
,,,,10744,La Tremblade
,,,,10745,"Languedoc-Roussillon, France"
,,,,10746,Le Fleix
,,,,10747,Limoges
,,,,10748,Lormont
,,,,10749,Lyon
,,,,10751,Marennes-Hiers-Brouage
,,,,10752,Mirambeau
,,,,10753,Montpellier
,,,,10754,Mornac
,,,,10755,Nice
,,,,10756,"Oléron, France"
,,,,10757,Paillet
,,,,10758,Podensac
,,,,10759,Rennes
,,,,10761,Pauillac
,,,,10762,Toulouse
,,,,10763,Tournon-sur-Rhône
,,,,10764,Basse Indre
,,,,10799,"France, place unspecified"
10000,Europe,10800,Netherlands,10801,Alkmaar
,,,,10802,Amersfoort
,,,,10803,Bergen
,,,,10804,Zaltbommel
,,,,10805,Boskoop
,,,,10806,Buiksloot
,,,,10807,Brielle
,,,,10808,Den Helder
,,,,10809,Den Hoorn
,,,,10810,Amsterdam
,,,,10811,Eemnes
,,,,10812,Egmond aan Zee
,,,,10813,Fleringen
,,,,10814,Friesland
,,,,10815,Geertruidenberg
,,,,10816,Goes
,,,,10817,graft
,,,,10818,Haarlem
,,,,10819,Harlingen
,,,,10820,Hasselt
,,,,10821,Enkhuizen
,,,,10822,Hoorn
,,,,10823,Hindeloopen
,,,,10824,Hulst
,,,,10825,IJzendijke
,,,,10827,Zaandam
,,,,10828,Zuider Zee
,,,,10829,Texel
,,,,10830,Rotterdam
,,,,10831,Dordrecht
,,,,10832,Maze
,,,,10833,Moerdijk
,,,,10834,Hellevoetsluis
,,,,10835,Monnickendam
,,,,10836,Naarden
,,,,10837,Nieuwendam
,,,,10838,Obdam
,,,,10839,Oldenzaal
,,,,10840,Zeeland
,,,,10841,Oostburg
,,,,10842,Oostzaan
,,,,10843,Ravenstein
,,,,10844,Roosendaal
,,,,10845,Leiden
,,,,10846,Schellingwoude
,,,,10847,Schoorl
,,,,10848,Sint-Annaland
,,,,10849,Sint-Maartensdijk
,,,,10850,Middelburg
,,,,10851,Vlissingen
,,,,10852,Veere
,,,,10853,Zeeland or Middelburg
,,,,10854,Spierdijk
,,,,10856,Stavoren
,,,,10859,The Hague
,,,,10860,Groningen
,,,,10861,Utrecht
,,,,10862,Werkendam
,,,,10863,West-Souburg
,,,,10864,Woerden
,,,,10865,Zierikzee
,,,,10866,Zwolle
,,,,10867,Netherlands
,,,,10869,Aalsmeer
,,,,10870,Twisk
,,,,10871,Leiderdorp
,,,,10872,"Ameland, Netherlands"
,,,,10873,Wijk aan Zee
,,,,10874,Gorinchem
,,,,10875,Kampen
,,,,10876,Kats
,,,,10877,Katwijk aan Zee
,,,,10878,Maarssen
,,,,10879,Maassluis
,,,,10880,Medemblik
,,,,10899,"Netherlands, port unspecified"
10000,Europe,10900,Denmark,10901,København
,,,,10902,Husum
,,,,10903,Helsingør
,,,,10904,Grådyb
,,,,10905,Copenhagen
,,,,10906,Ribe
,,,,10999,"Denmark, port unspecified"
10000,Europe,11000,Germany,11001,Pillau
,,,,11002,Elbe
,,,,11003,Emden
,,,,11004,Hamburg
,,,,11005,Hanover
,,,,11006,Lübeck
,,,,11007,Glückstadt
,,,,11008,Ängelholm
,,,,11009,Baden bei Wien
,,,,11010,Bockhorn
,,,,11011,Brandenburg
,,,,11012,Bremen
,,,,11013,Bremerlee
,,,,11014,Cologne
,,,,11015,Wolgast
,,,,11016,Wardenburg
,,,,11017,"Sylt, Germany"
,,,,11018,Feucht
,,,,11019,Föhr
,,,,11021,Frankenthal
,,,,11022,Frankfurt
,,,,11023,Goch
,,,,11024,Halberstadt
,,,,11025,Jever
,,,,11026,Biebertal
,,,,11027,Kronberg
,,,,11028,Lütjenburg
,,,,11029,Jemgum
,,,,11031,Otterndorf
,,,,11032,Lier/Leer
,,,,11033,Rostock
,,,,11034,Schleswig
,,,,11035,Stadland
,,,,11036,Stade
,,,,11037,Stolberg
,,,,11038,Stralsund
,,,,11039,Germany
,,,,11040,Delmenhorst
,,,,11041,Dortmund
,,,,11099,Germany - port unspecified
10000,Europe,11100,Belgium,11101,Antwerp
,,,,11102,Flanders
,,,,11103,Brugge
,,,,11104,Ghent
,,,,11105,Leuven
,,,,11106,Liège
,,,,11107,Brussels
,,,,11108,Doornik
,,,,11109,Mechelen
,,,,11199,"Belgium, port unspecified"
10000,Europe,11200,Norway,11201,Tønsberg
,,,,11202,Bergen
,,,,11203,Halden
,,,,11204,Kristiansand
,,,,11205,Trondheim
,,,,11206,Stavanger
,,,,11299,"Norway, port unspecified"
10000,Europe,11300,Sweden,11301,Göteborg
,,,,11302,Ystad
,,,,11303,Gothenburg
,,,,11304,Listerlandet
,,,,11305,Stockholm
,,,,11306,Uddevalla
,,,,11307,Varberg
,,,,11308,Västervik
,,,,11309,Ängelholm
,,,,11399,"Sweden, port unspecified"
10000,Europe,11400,Italy,11401,Genova
,,,,11402,Napoli
,,,,11404,Trieste
,,,,11405,"Gozo, Malta"
,,,,11406,Livorno
,,,,11499,"Italy, port unspecified"
10000,Europe,11500,Russia,11501,Kronstadt
,,,,11502,Odessa
,,,,11599,"Russia, port unspecified"
10000,Europe,11600,Mediterranean,11601,Sardinia
,,,,11699,"Mediterranean, port unspecified"
10000,Europe,11700,Latvia,11799,"Latvia, port unspecified"
10000,Europe,11800,Greece,11898,Cephalonia
,,,,11904,Szczecin (stettin)
,,,,11905,Ustka
10000,Europe,11900,Poland,11798,Switzerland
,,,,11901,Gdańsk
,,,,11902,Kołobrzeg
,,,,11903,Szczecin
20000,Mainland North America,20100,Rhode Island,20101,Bristol (RI)
,,,,20102,Little Compton
,,,,20103,Newport
,,,,20104,North Kingston
,,,,20105,Providence
,,,,20106,Tiverton
,,,,20107,Warren
,,,,20108,"Warwick, RI"
,,,,20109,Westerley
,,,,20110,Barrington
,,,,20111,Chopmist
,,,,20112,Narragansett
,,,,20113,Smithfield
,,,,20114,Cranston
,,,,20199,"Rhode Island, port unspecified"
20000,Mainland North America,20200,Maine,20201,Bath
,,,,20202,Berwick
,,,,20203,Biddeford
,,,,20204,Calais (Maine)
,,,,20205,Camden
,,,,20206,Troy
,,,,20207,Freeport
,,,,20208,Portland
,,,,20209,Prospect
,,,,20210,Richmond
,,,,20211,Robbinston
,,,,20212,Rockland
,,,,20213,Sheepscutt River
,,,,20214,Wiscasset
,,,,20215,Kittery Point
,,,,20216,Orrington
,,,,20217,Penobscot
,,,,20218,Thomaston
,,,,20219,Gardiner
,,,,20220,Bangor
,,,,20221,St. George
,,,,20222,Falmouth
,,,,20223,Nesterbury
,,,,20224,Hampden
,,,,20225,Hallowell
,,,,20226,Nobleborough
,,,,20227,Brewer
,,,,20299,"Maine, port unspecified"
20000,Mainland North America,20300,New Hampshire,20301,Piscataqua
,,,,20302,Portsmouth (NH)
,,,,20303,North Hampton
,,,,20399,"New Hampshire, port unspecified"
20000,Mainland North America,20400,Massachusetts,20401,Massachusetts Bay
,,,,20402,Amesbury
,,,,20403,Arundel
,,,,20404,Boston
,,,,20405,Chatham
,,,,20406,Cohasset
,,,,20407,Dighton
,,,,20408,Duxbury
,,,,20409,Freetown (Mass.)
,,,,20410,Georgetown
,,,,20411,Hingham
,,,,20412,Kingston (Mass.)
,,,,20413,Marblehead
,,,,20414,Marshfield
,,,,20415,New Bedford
,,,,20416,Newbury
,,,,20417,Salem
,,,,20418,Salisbury
,,,,20419,Salfatudas
,,,,20420,Scituate
,,,,20421,Swansea
,,,,20422,Weymouth
,,,,20423,Charlestown
,,,,20424,Newburyport
,,,,20425,Nantucket
,,,,20426,Plymouth
,,,,20427,Dartmouth
,,,,20428,Somerset
,,,,20429,Sandwich
,,,,20430,"Braintree, MA"
,,,,20431,Medford
,,,,20432,Rochester. MA
,,,,20433,"Swansea, MA"
,,,,20434,Taunton
,,,,20435,"Cambridge, MA"
,,,,20436,Dedham
,,,,20499,"Massachusetts, port unspecified"
20000,Mainland North America,20500,Connecticut,20501,Bridgeport
,,,,20502,Guildford
,,,,20503,Haddam
,,,,20504,New Haven
,,,,20505,New London
,,,,20506,Middletown
,,,,20507,Hartford
,,,,20508,Fairfield
,,,,20509,Killingworth
,,,,20510,Weathersfield
,,,,20511,Seabrook
,,,,20512,Mystic
,,,,20514,Glastonbury
,,,,20599,"Connecticut, port unspecified"
20000,Mainland North America,20600,New York,20601,Brookhaven
,,,,20602,Long Island
,,,,20603,Sag Harbor
,,,,20604,Fort Orange
,,,,20605,New Rochelle
,,,,20606,"Rochdale, Queens, NY"
,,,,20699,New York
20000,Mainland North America,20700,Delaware,20701,Wilmington
,,,,20799,"Delaware, port unspecified"
20000,Mainland North America,20800,New Jersey,20801,Delaware River
,,,,20802,Eastern New Jersey
,,,,20803,Milwell
,,,,20804,Perth Amboy
,,,,20805,Wharton
,,,,20806,Burlington
,,,,20807,Newark
,,,,20808,Cohanzie
,,,,20899,"New Jersey, port unspecified"
20000,Mainland North America,20900,Pennsylvania,20901,Marcus Hook
,,,,20902,Philadelphia
,,,,20903,Pittsburgh
,,,,20999,"Pennsylvania, port unspecified"
20000,Mainland North America,21000,Maryland,21001,Annapolis
,,,,21002,Baltimore
,,,,21003,North Potomac
,,,,21004,Oxford
,,,,21005,Pamunkey
,,,,21006,Patuxent
,,,,21007,Talbot County
,,,,21008,Wye River
,,,,21009,Cecil County
,,,,21010,Choptank
,,,,21011,Pocomoke
,,,,21012,St. Mary's River
,,,,21013,Londontowne
,,,,21014,Anne Arundel County
,,,,21015,Warwick
,,,,21016,Kent County
,,,,21017,Calvert County
,,,,21018,Charles County
,,,,21019,Somerset County
,,,,21020,Frederick County
,,,,21021,Cambridge County
,,,,21022,Dorchester County
,,,,21023,St. Mary's County
,,,,21024,Snow Hill
,,,,21025,Port of Tobacco
,,,,21027,Eastern Shore
,,,,21028,Hollywood
,,,,21099,"Maryland, port unspecified"
20000,Mainland North America,21100,Virginia,21101,Elizabeth River
,,,,21102,Hampton
,,,,21103,Lower James River
,,,,21104,Norfolk
,,,,21105,Northampton County
,,,,21106,Potomac river
,,,,21107,Rappahannock
,,,,21108,South Potomac
,,,,21109,Upper James River
,,,,21110,Williamsburg
,,,,21111,York River
,,,,21112,Vatt (location undetermined)
,,,,21113,Accomac
,,,,21114,Urbanna
,,,,21115,Richmond (VA)
,,,,21116,Hampton Roads
,,,,21117,Alexandria
,,,,21118,Petersburg
,,,,21119,Cumberland County
,,,,21121,Sussex County
,,,,21122,Eastern Shore
,,,,21123,Elizabeth
,,,,21124,Buckingham
,,,,21125,Prince William County
,,,,21127,Lynchburg
,,,,21128,Gloucester County
,,,,21129,Leesburg
,,,,21130,Portsmouth
,,,,21131,Greensville County
,,,,21132,Halifax
,,,,21133,Essex County
,,,,21134,Hardy County
,,,,21135,Putnam County
,,,,21136,York County
,,,,21137,New Virginia
,,,,21138,Mathews
,,,,21139,Jefferson County
,,,,21140,Kempsville
,,,,21141,Princess Anne
,,,,21142,Warwick County
,,,,21143,Yorktown
,,,,21144,Culpeper
,,,,21145,Dinwiddie County
,,,,21146,Albemarle County
,,,,21147,Jamestown
,,,,21148,Bermuda Hundred
,,,,21199,"Virginia, port unspecified"
20000,Mainland North America,21200,North Carolina,21201,Bertie County
,,,,21202,Chowan river
,,,,21203,New Bern
,,,,21204,Hyde County
,,,,21205,Roanoke
,,,,21206,Beaufort
,,,,21207,Brunswick
,,,,21208,Cape Fear
,,,,21209,Edenton
,,,,21210,Wilmington
,,,,21211,Bridgeton
,,,,21212,Barnwell
,,,,21215,Halifax
,,,,21216,Elizabeth City
,,,,21217,Gates City/County
,,,,21218,Salisbury
,,,,21219,Hanover County
,,,,21220,Franklin County
,,,,21221,Granville County
,,,,21223,Asheville
,,,,21224,Pasquotank
,,,,21225,Randolph County
,,,,21226,Stokes County
,,,,21227,Fayetteville
,,,,21228,Jackson
,,,,21229,Portsmouth
,,,,21299,"North Carolina, port unspecified"
20000,Mainland North America,21300,South Carolina,21301,Beaufort
,,,,21302,Charleston
,,,,21304,Georgetown
,,,,21305,Amelia Township
,,,,21306,Dorchester
,,,,21307,Darlington
,,,,21308,Greenville
,,,,21309,Camden
,,,,21310,Sumter
,,,,21311,Waccamaw
,,,,21312,Columbia
,,,,21313,Columbia County
,,,,21314,"Aiken Co, SC"
,,,,21315,"Edgefield County, SC"
,,,,21316,"Richmond County, nr Augusta, SC"
,,,,21317,"Augusta, SC"
,,,,21399,"South Carolina, place unspecified"
20000,Mainland North America,21400,Georgia,21401,Savannah
,,,,21402,Sunbury
,,,,21403,Tybee Island
,,,,21404,"Cumberland Island,Georgia"
,,,,21405,Jekyll Island
,,,,21406,Augusta
,,,,21407,Bainbridge
,,,,21408,Baker County
,,,,21411,Blakely
,,,,21412,Burke County
,,,,21413,Columbus
,,,,21414,Crawford County
,,,,21415,Effingham
,,,,21416,Early County
,,,,21417,Fort Gaines
,,,,21418,Houston County
,,,,21419,Macon
,,,,21420,Madison
,,,,21421,Oglethorpe
,,,,21422,Monroe County
,,,,21423,Randolph County
,,,,21424,Thomas County
,,,,21425,Screven County
,,,,21426,Jones County
,,,,21427,Troup County
,,,,21428,Sanderville
,,,,21429,Fayette County
,,,,21499,"Georgia, port unspecified"
20000,Mainland North America,21500,Florida,21501,St. Augustine
,,,,21502,Pensacola
,,,,21503,Amelia Island
,,,,21504,Key West
,,,,21505,Indian River
,,,,21506,East Florida
,,,,21507,Tampa
,,,,21508,Apalachicola
,,,,21509,St. Joseph
,,,,21510,Magnolia
,,,,21511,Port Leon
,,,,21512,"St. Marks, FL"
,,,,21513,Indianola
,,,,21514,New Smyrna
,,,,21515,Cedar Key
,,,,21516,Jacksonville
,,,,21517,St. Andrews
,,,,21519,South Port
,,,,21520,Pawcatuck
,,,,21522,Madison County
,,,,21523,Benton County
,,,,21524,Columbia County
,,,,21525,Gadsen County
,,,,21527,Hernandez County
,,,,21528,Jackson County
,,,,21529,Hickstown
,,,,21530,Jefferson County
,,,,21531,Newport
,,,,21532,Quincy
,,,,21533,Washington County
,,,,21534,Tallahassee
,,,,21535,Woolsey
,,,,21599,"Florida, port unspecified"
20000,Mainland North America,21600,Gulf coast,21601,New Orleans
,,,,21602,La Balise
,,,,21603,Louisiana
,,,,21604,Biloxi
,,,,21605,Mississippi
,,,,21606,Mobile
,,,,21607,Vicksburg (MS)
,,,,21608,"Alexandria, Rapides Parish"
,,,,21609,Ascension Parish
,,,,21610,Assumption Parish
,,,,21611,Lafayette Parish
,,,,21612,"Wilkinson County, MS"
,,,,21613,Avoyelles Parish
,,,,21614,"Macon County, AL"
,,,,21615,"Bayou Sara, West Feliciana Parish"
,,,,21617,Catahoula Parish
,,,,21618,Claiborne Parish
,,,,21619,"Donaldsonville, Ascension Parish"
,,,,21620,East Baton Rouge Parish
,,,,21621,East Feliciana Parish
,,,,21622,"Union Parish, LA"
,,,,21623,"Greenville, Jefferson County, MS"
,,,,21624,"Hempstead County, AR"
,,,,21625,"Huntsville, AL"
,,,,21626,Iberville Parish
,,,,21627,Jefferson Parish
,,,,21628,Lafourche Parish
,,,,21629,Livingston Parish
,,,,21630,"Amite County, MS"
,,,,21631,"Adams County, MS"
,,,,21632,Alabama (port unknown)
,,,,21633,Natchitoches Parish
,,,,21634,"Warren County, MS"
,,,,21635,Africatown AL
,,,,21636,Orleans Parish
,,,,21637,Ouachita Parish
,,,,21638,Plaquemines Parish
,,,,21639,"Porterville, AL"
,,,,21640,Rapides Parish
,,,,21641,St. Bernard Parish
,,,,21642,St. Charles Parish
,,,,21643,St. Helena Parish
,,,,21644,St. James Parish
,,,,21645,St. John the Baptist Parish
,,,,21646,St. Landry Parish
,,,,21647,St. Martin Parish
,,,,21648,St. Mary Parish
,,,,21649,Washington Parish
,,,,21650,West Baton Rouge Parish
,,,,21651,West Feliciana Parish
,,,,21652,"Baton Rouge, LA"
,,,,21653,"Clarke County, AL"
,,,,21654,"Natchez, MS"
,,,,21655,"Concordia Parish, LA"
,,,,21656,"Madison Parish, LA"
,,,,21657,"Point Coupee Parish, LA"
,,,,21658,"Cherokee County, AL"
,,,,21659,"Baulding, MS"
,,,,21660,"Brandon, MS"
,,,,21661,"Claiborne County, MS"
,,,,21662,"Columbus, MS"
,,,,21663,"Port Gibson, MS"
,,,,21664,"Franklin County, MS"
,,,,21665,"Greenwood, MS"
,,,,21666,"Hinds County, MS"
,,,,21667,"Jackson County, MS"
,,,,21668,"Jackson, MS"
,,,,21669,"Bigbee, Washington County"
,,,,21670,"Carroll County, MS"
,,,,21671,"Lawrence County, MS"
,,,,21672,"Panola County, MS"
,,,,21673,"Vicksburg, MS"
,,,,21674,"Princetown, MS"
,,,,21675,"Baldwin County, AL"
,,,,21676,"Monroe County, AL"
,,,,21677,"Lowndes County, AL"
,,,,21678,"Montgomery, AL"
,,,,21679,"Franklin, LA"
,,,,21680,"Mooresville, AL"
,,,,21681,"Perry County, AL"
,,,,21682,"Selma, AL"
,,,,21683,"Talledega, AL"
,,,,21684,"Shelby County, AL"
,,,,21685,"Wilcox County, AL"
,,,,21686,"Barbour County, AL"
,,,,21687,"Benton County, AL"
,,,,21688,"Cahaba, AL"
,,,,21689,"Monroe, LA"
,,,,21690,"Jackson, LA"
,,,,21691,"Attakapas, LA"
,,,,21692,"Grand Coteau, LA"
,,,,21693,"Thibodaux, LA"
,,,,21694,"Coosa County, AL"
,,,,21695,"Dallas County, AL"
,,,,21696,"Quincy, AL"
,,,,21697,"Henry County, AL"
,,,,21698,"Green County, AL"
,,,,21699,"Gulf Coast, port unspecifed"
20000,Mainland North America,21700,Canada,21701,Quebec
,,,,21702,New Brunswick
,,,,21703,St. John
,,,,21704,Newfoundland
,,,,21705,Nova Scotia
,,,,21706,Halifax
,,,,21707,Mahone Bay
,,,,21708,"Roseway, NS"
,,,,21710,Trois-Rivières
,,,,21799,"Canada, port unspecified"
20000,Mainland North America,21800,Kentucky,21801,Smithfield
,,,,21802,Louisville
,,,,21804,Barton
,,,,21805,Frankfort
,,,,21806,Lexington
,,,,21807,Paris
,,,,21899,"Kentucky, port unspecified"
20000,Mainland North America,21900,Other North America,21901,Newport and Boston
,,,,21902,Newport and Salem
,,,,21903,New England
,,,,21904,Carolinas
,,,,21906,"Washington, DC"
,,,,21907,Arkansas (port unknown)
,,,,21908,"Batesville, AR"
,,,,21909,Albany
,,,,21911,Cape Breton
,,,,21912,"Columbus, MO"
,,,,21913,Missouri - place unspecified
,,,,21914,"St.Louis, MO"
,,,,21915,"Franklin, MO"
,,,,21919,Ohio - place unspecified
,,,,21920,Indiana - place unspecified
,,,,21921,Greensboro
,,,,21922,"Quincy, OH"
,,,,21923,California - place unspecified
,,,,21924,"Paris, MO"
,,,,21925,"Cincinatti, OH"
,,,,21926,Vermont - place unspecified
,,,,21927,"Camden, AR"
,,,,21928,"Rock Creek, IL"
,,,,21929,"Charleston, WV"
,,,,21999,"USA, location unspecified"
20000,Mainland North America,22000,Tennessee,22001,Nashville
,,,,22002,Fayetteville
,,,,22004,Memphis
,,,,22005,Giles County
,,,,22006,Jackson County
,,,,22007,Shelby County
,,,,22099,"Tennessee, port unspecified"
20000,Mainland North America,22100,Texas,22101,Woodville
,,,,22102,Galveston
,,,,22103,Montgomery County
,,,,22104,Anderson
,,,,22105,Austin
,,,,22106,Aransas
,,,,22107,Houston
,,,,22108,Aransas Bay
,,,,22109,Independence
,,,,22110,Brazos
,,,,22111,Brazos River
,,,,22112,Brazos Santiago
,,,,22113,Bastrop
,,,,22114,Comal County
,,,,22115,Centreville
,,,,22116,Clinton
,,,,22117,Columbia
,,,,22118,Cuero
,,,,22119,Fayette County
,,,,22120,Fort Graham
,,,,22121,Foster County
,,,,22122,Freestone County
,,,,22123,Goliad
,,,,22124,Gonzales
,,,,22126,Grimes County
,,,,22127,Guadalupe
,,,,22128,Harris County
,,,,22129,"Henderson, Rusk County"
,,,,22130,Huntsville
,,,,22131,Port Lavaca
,,,,22132,Leon County
,,,,22133,Lexington
,,,,22134,Harrisburg
,,,,22135,Indian Point
,,,,22136,Liberty County
,,,,22137,Lubbock County
,,,,22138,Matagorda
,,,,22140,Indianola
,,,,22141,New Braunfels
,,,,22142,Fort Bend
,,,,22143,La Salle
,,,,22144,Laureles
,,,,22145,Polk County
,,,,22146,Newton County
,,,,22147,Victoria County
,,,,22148,Waco
,,,,22149,Lavaca Bay
,,,,22150,Washington County
,,,,22151,Richmond
,,,,22152,Linn's Landing
,,,,22153,Linnville
,,,,22154,Victoria
,,,,22155,Woodbury County
,,,,22156,Corpus Christi
,,,,22157,Brazoria
,,,,22158,San Antonio
,,,,22159,Dallas County
,,,,22160,Milam County
,,,,22161,Chapel Hill
,,,,22162,Wharton
,,,,22163,San Jacinto
,,,,22164,Matagorda Bay
,,,,22165,Port Caddo
,,,,22166,Port Isabel
,,,,22167,Powderhorn
,,,,22168,Quintana
,,,,22169,Rio Grande
,,,,22170,Sabine
,,,,22171,Sabine City
,,,,22172,Sabine Lake
,,,,22173,Sabine Pass
,,,,22174,Sabine River
,,,,22175,Saluria
,,,,22176,St. Joseph's Island
,,,,22177,Velasco
,,,,22178,Pass Cavallo
,,,,22199,"Texas, port unspecified"
20000,Mainland North America,23000,California,23099,"California, place unspecified"
30000,Caribbean,31100,Hispaniola,31102,Isabela
,,,,31103,Monte Christi
,,,,31104,Samana
,,,,31106,San Domingo (a) Santo Domingo
,,,,31107,Ocoa
,,,,31108,Nizao
,,,,31109,Puerto de Plata
,,,,31110,Isla Saona
,,,,31199,"Hispaniola, unspecified"
30000,Caribbean,31200,Puerto Rico,31201,San Juan
,,,,31202,Ponce
,,,,31203,Guayama
,,,,31204,San Germán
,,,,31299,"Puerto Rico, port unspecified"
30000,Caribbean,31300,Cuba,31301,Bahia Honda
,,,,31302,Banes
,,,,31303,Cabanas
,,,,31304,Caibarien
,,,,31305,Canasí
,,,,31306,Cardenas
,,,,31307,Cienfuegos
,,,,31308,"Cuba, south coast"
,,,,31309,"Cuba, west coast"
,,,,31310,Estuary of River Guane
,,,,31311,Guanimar
,,,,31312,Havana
,,,,31313,Isla de Pinas
,,,,31314,"Magari, Manzanillo"
,,,,31315,Mariel
,,,,31316,Matanzas
,,,,31317,"Matanzas province, north"
,,,,31318,"Matanzas province, south"
,,,,31319,Nuevitas
,,,,31320,Puerto Padre
,,,,31321,Sagua
,,,,31322,San Juan de los Remedios
,,,,31323,Santiago de Cuba
,,,,31324,Trinidad de Cuba
,,,,31326,Batabanó
,,,,31327,Baracoa
,,,,31328,Punta Macurijes
,,,,31329,South Keys
,,,,31330,Puerto Principe
,,,,31331,Holguín
,,,,31332,Bacuranao
,,,,31333,San Jose
,,,,31334,"San Lazaro, Havana"
,,,,31399,"Cuba, port unspecified"
30000,Caribbean,31400,Other Spanish Caribbean,31401,San Andrés
,,,,,
,,,,31499,"Spanish Caribbean, unspecified"
,,,,35512,Providence Island
30000,Caribbean,32100,Dutch Caribbean,32110,Curaçao
,,,,32111,Willemstad
,,,,32120,Aruba
,,,,32130,Bonaire
,,,,32140,St. Maarten
,,,,32141,Cul de Sac (St. Maarten)
,,,,32150,St. Eustatius
,,,,32151,Saba
,,,,32199,"Dutch Caribbean, colony unspecified"
30000,Caribbean,32200,Dutch Guianas,32201,Guiana
,,,,32202,Nova Zeelandia (Wild Coast)
,,,,32230,Essequibo
,,,,32240,"Suriname, place unspecified"
,,,,32241,Paramaribo
,,,,32250,Berbice
,,,,32299,"Dutch Guianas, colony unspecified"
30000,Caribbean,32300,Other Dutch Americas,32301,Bijsterpan
,,,,32399,"Other Dutch Americas, colony unspecified"
30000,Caribbean,33200,Tortola,33299,"Tortola, port unspecified"
30000,Caribbean,33300,Anguilla,33399,"Anguilla, port unspecified"
30000,Caribbean,33400,Antigua,33401,Saint John (Antigua)
,,,,33499,"Antigua, place unspecified"
30000,Caribbean,33500,St. Kitts,33599,"St. Kitts, port unspecified"
30000,Caribbean,33600,Nevis,33601,Newcastle (Nevis)
,,,,33699,"Nevis, port unspecified"
30000,Caribbean,33700,Montserrat,33799,"Montserrat, port unspecified"
30000,Caribbean,33800,Dominica,33801,Roseau
,,,,33802,St. Marc
,,,,33899,"Dominica, place unspecified"
30000,Caribbean,34100,St. Lucia,34199,"St. Lucia, port unspecified"
30000,Caribbean,34200,Barbados,34201,King's Harbour
,,,,34202,Speightstown
,,,,34299,"Barbados, place unspecified"
30000,Caribbean,34300,St. Vincent,34399,"St. Vincent, port unspecified"
30000,Caribbean,34400,Grenada,34401,Grand Mal
,,,,34402,Paraelek
,,,,34403,Corinth
,,,,34404,Palmish
,,,,34405,Morne Delue
,,,,34406,Providence
,,,,34407,Clarkes Court
,,,,34408,Bellevue
,,,,34409,Revolution Hall
,,,,34410,St George
,,,,34411,St. Cyr
,,,,34412,Resource
,,,,34413,Hope Vale
,,,,34414,Hermitage
,,,,34415,Grand Ance
,,,,34416,L'Esterre and Columbiere
,,,,34417,Union
,,,,34418,Balthazard
,,,,34419,Bacolets and Isle Rhome
,,,,34420,River Antoine and Mount Saint Harg
,,,,34421,Mount Alexander
,,,,34422,Goodson
,,,,34423,Caliving
,,,,34424,Fontenoy
,,,,34425,Adelphi
,,,,34426,Rose Mount
,,,,34427,Mount Pleasant
,,,,34428,Point Saline
,,,,34429,Snell Hall
,,,,34430,La Digue
,,,,34431,Morne Salone
,,,,34432,Carriacou
,,,,34433,Windsor
,,,,34434,Beausefour
,,,,34435,Kettle Point
,,,,34436,Springs
,,,,34437,Vendôme
,,,,34438,Florida
,,,,34439,Carmile
,,,,34499,"Grenada, place unspecified"
30000,Caribbean,34500,Trinidad,34599,"Trinidad, port unspecified"
30000,Caribbean,34600,Tobago,34601,Zion Hill
,,,,34699,"Tobago, port unspecified"
30000,Caribbean,35100,Jamaica,35101,Annotto Bay
,,,,35102,Antonia
,,,,35103,Black River
,,,,35104,Falmouth (Jam.)
,,,,35105,Lucea (a) St. Lucea
,,,,35106,Martha Brae
,,,,35107,Montego Bay
,,,,35108,Morant Bay
,,,,35109,Port Maria
,,,,35110,Port Royal
,,,,35111,Saint Ann's Bay
,,,,35112,Savanna la Mar
,,,,35113,Spanish Town
,,,,35114,Kingston
,,,,35116,Smoaky Hall Plantation Trelawny
,,,,35117,Hide Hall Estate Trelawny
,,,,35118,Hopewell Estate
,,,,35119,Dumfries
,,,,35120,Queenbithe Estate
,,,,35121,"Killbryde, New Canaan Estate"
,,,,35199,"Jamaica, place unspecified"
30000,Caribbean,35200,Bahamas,35201,New Providence
,,,,35202,Turk's Island
,,,,35203,Nassau
,,,,35204,Cat Island
,,,,35205,Exuma
,,,,35206,Heneague
,,,,35299,"Bahamas, port unspecified"
30000,Caribbean,35300,British Guiana,35301,Cumingsberg
,,,,35302,Stabroek
,,,,35304,Demerara
,,,,35305,Kingston (Demerera)
,,,,35399,"British Guina, port unspecified"
30000,Caribbean,35400,British Honduras,35401,Mosquito Shore
,,,,35499,"British Honduras, port unspecified"
30000,Caribbean,35500,Other British Caribbean,33402,Barbuda
,,,,35502,Antigua or Dominica
,,,,35503,Barbados and Jamaica
,,,,35504,Dominica or Jamaica
,,,,35505,Jamaica or St. Kitts
,,,,35507,British Leewards
,,,,35508,Bermuda
,,,,35509,Hamilton (Bermuda)
,,,,35510,Becquia
,,,,35511,Grand Caymans
,,,,35599,"British Caribbean, colony unspecified"
,,,,37040,"Spanish Town, British Virgin Islands"
30000,Caribbean,36100,Martinique,36101,Fort-Royale
,,,,36102,Saint-Pierre
,,,,36199,"Martinique, place unspecified"
30000,Caribbean,36200,Guadaloupe,36201,Basse-Terre
,,,,36202,Pointe-à-Pitre
,,,,36203,Marie-Galante
,,,,36204,"Grande-Terre, port unspecified"
,,,,36299,"Guadeloupe, place unspecified"
30000,Caribbean,36300,French Guiana,36301,Cayenne
,,,,36302,Oyapock
,,,,36399,"French Guiana, port unspecified"
30000,Caribbean,36400,Saint-Domingue,36401,Tortuga
,,,,36402,Arcahaie
,,,,36403,Cap Français
,,,,36404,Cayes (Les)
,,,,36405,Cul-de-Sac
,,,,36406,Fort Dauphin
,,,,36407,Jacmel
,,,,36408,Jérémie
,,,,36409,Léogane
,,,,36410,Môle Saint Nicolas
,,,,36411,Petit-Goâve
,,,,36412,Port-au-Prince
,,,,36413,Port-de-Paix
,,,,36414,Saint-Marc
,,,,36415,Île à Vache
,,,,36416,Cap Tiberon
,,,,36420,Gonaïve
,,,,36421,Aribonite
,,,,36422,Morne Rouge
,,,,36423,le Mustic (Moustique)
,,,,36424,Boucassin
,,,,36425,L'Estère
,,,,36426,Mont. de Chanteloup
,,,,36427,Port-Margot
,,,,36428,Chicahominy
,,,,36429,Dondon
,,,,36430,Longemalle (Habitation)
,,,,36431,Limonade
,,,,36432,Fond
,,,,36433,Ouanaminthe
,,,,36434,Charbonniere
,,,,36435,Nippes
,,,,36436,Belair
,,,,36437,Boucan-Champagne
,,,,36438,Petite Anse
,,,,36439,Rue Bourbon
,,,,36440,Grand Coâve
,,,,36442,Bon Repos
,,,,36443,Port à l'écu
,,,,36444,"Belair, rue de Vaudreuil"
,,,,36446,Fond-d'Icaques
,,,,36499,"Saint-Domingue, then Haiti, port unspecified"
30000,Caribbean,36500,Other French Caribbean,36599,"French Caribbean, colony unspecified"
,,,,,
30000,Caribbean,37000,Danish West Indies,37010,St. Croix
,,,,37020,St. Thomas
,,,,37030,St. John (Virgin Islands)
,,,,37099,"Danish West Indies, colony unspecified"
30000,Caribbean,38100,St. Barthélemy (Sweden),38101,"Gustavia, St. Barthélemy"
,,,,,
,,,,38199,"St. Barthélemy, port unspecified"
30000,Caribbean,39000,Other Caribbean,39001,Caribbean (colony unspecified)
,,,,39003,Orici
,,,,39004,Bottomaneau
,,,,39999,"Caribbean, port unspecified"
40000,Spanish Mainland Americas,41200,Spanish Circum- Caribbean,41201,"New Spain, port unspecified"
,,,,41202,Campeche
,,,,41203,Veracruz
,,,,41204,Guatemala
,,,,41205,Santo Tomas
,,,,41206,Portobelo
,,,,41207,Cartagena
,,,,41208,Santa Marta
,,,,41210,"Venezuela, port unspecified"
,,,,41211,Borburata
,,,,41212,Caracas
,,,,41213,Cumana
,,,,41214,La Guaira
,,,,41215,Margarita
,,,,41216,Orinoko
,,,,41217,Rio de la Hacha
,,,,41218,Darien
,,,,41219,Nombre de Dios
,,,,41220,Rattan (a) Roatán
,,,,41221,Puerto Cabello
,,,,41222,Isla de Aves
,,,,41223,Coro
,,,,41224,Maracaibo
,,,,41225,Nueva Barcelona
,,,,41226,"Guayana, Venezuela"
,,,,41227,Caracas Coast and Tucacas
,,,,41228,San Juan de los Cayos
,,,,41229,"Tortuga Island, Venezuela"
,,,,41231,San Felipe
,,,,41232,El Salvador
,,,,41252,"Trujillo, Honduras"
,,,,41253,Puerto de Caballos (Puerto Cortes)
,,,,41297,"Panama, Port unspecified"
,,,,41298,"Honduras, port unspecified"
,,,,41299,"Spanish Circum-Caribbean,unspecified"
40000,Spanish Mainland Americas,42000,Rio de la Plata,24008,Arequipa
,,,,42001,Buenos Aires
,,,,42002,Montevideo
,,,,42003,Colonia de Sacramento
,,,,42004,Maldonado
,,,,42005,Río Negro
,,,,42006,Buceo
,,,,42007,Punta del Este
,,,,42014,Asunción
,,,,42015,Concepción del Uruguay
,,,,42016,Curupaity
,,,,42017,Gualeguay
,,,,42018,Humaitá
,,,,42099,"Rio de la Plata, port unspecified"
40000,Spanish Mainland Americas,43000,Peru,43000,Peru
,,,,43001,Lima
,,,,43002,"Ica, Peru"
,,,,43099,"Peru, port unspecified"
40000,Spanish Mainland Americas,44000,Chile,44001,Valparaiso
,,,,44002,Talcahuano
40000,Spanish Mainland Americas,45000,Ecuador,45099,"Ecuador, port unspecified"
40000,Spanish Mainland Americas,46000,Pacific Central America,46001,Panama City
50000,Brazil,50100,Amazonia,50101,Portos do Norte
,,,,50102,Maranhão
,,,,50103,Pará
,,,,50104,Guajano
,,,,50105,Rio Amazona
,,,,50106,"Ceará, port unspecified"
,,,,50107,Macapá
,,,,50108,Belém
,,,,50109,São Luis
,,,,50110,Aracaty
,,,,50111,Tapajé
,,,,50112,Manaus
,,,,50199,"Amazonia, port unspecified"
50000,Brazil,50200,Bahia,50201,Pôrto Seguro
,,,,50202,Rio Real
,,,,50203,Rio São Francisco
,,,,50204,Taipu
,,,,50205,Alcobaça
,,,,50206,Aldeia Velha
,,,,50207,Aracaju
,,,,50208,Belmonte
,,,,50209,Boaventura
,,,,50210,Canavieiras
,,,,50211,Caravelas
,,,,50212,"Caravelas, Mucuri e Vitória"
,,,,50213,Estância
,,,,50214,Ilhéus
,,,,50215,Laranjeiras
,,,,50216,Mucuri
,,,,50217,Rio Cotinguiba
,,,,50218,Santa Cruz
,,,,50219,"Sergipe, place unspecified"
,,,,50220,Valença
,,,,50221,Vila Viçosa
,,,,50222,Maguay
,,,,50223,Prado
,,,,50299,"Bahia, place unspecified"
50000,Brazil,50300,Pernambuco,50301,"Alagoas, place unspecified"
,,,,50302,Ilha de Itamaric
,,,,50303,Maceió
,,,,50304,Catuamo and Maria Farinha
,,,,50305,Porto de Galinhas
,,,,50306,Paraíba
,,,,50307,Rio Grande do Norte
,,,,50308,Açu
,,,,50309,Fernando de Noronha
,,,,50310,Patacho
,,,,50311,Recife
,,,,50312,Rio Paraíba do Norte
,,,,50313,Olinda
,,,,50314,Penedo
,,,,50315,Vila Bela
,,,,50399,"Pernambuco, place unspecified"
50000,Brazil,50400,Southeast Brazil,50402,Baía de Botafogo
,,,,50403,Baía de Sepetiba
,,,,50404,Cabo de Búzios
,,,,50405,Cabo Frio
,,,,50406,Campos
,,,,50407,Cananéia
,,,,50408,Copacabana
,,,,50409,Dois Rios
,,,,50410,Ilha de Paquetá
,,,,50411,Ilha das Palmas
,,,,50412,Ilha Grande
,,,,50413,Ilha de Lobes
,,,,50414,Ilha de Marambaia
,,,,50415,Angra dos Reis
,,,,50416,Macaé
,,,,50417,Mangaratiba
,,,,50418,Maricá
,,,,50419,Paranaguá
,,,,50420,Parati
,,,,50421,Ponta Negro
,,,,50422,Rio de Janeiro
,,,,50423,Rio de Janeiro province
,,,,50424,"Rio de Janeiro, Sao Paulo, Santa Catarina"
,,,,50425,Angra dos Reis e Mangaratiba
,,,,50426,"Rio Grande do Sul, place unspecified"
,,,,50427,Rio São Jeso
,,,,50428,Santos
,,,,50429,Antonina
,,,,50430,São Sebastião
,,,,50431,Santa Catarina
,,,,50432,Ariró
,,,,50433,Ubatuba
,,,,50434,Vitória
,,,,50435,Laguna
,,,,50436,Ilha dos Porcos
,,,,50437,São Vicente
,,,,50438,Espírito Santo
,,,,50439,Benevente
,,,,50440,Campos e Macaé
,,,,50441,Cananéia e Iguape
,,,,50442,Caraguatatuba
,,,,50443,Guarapari
,,,,50444,Guaratiba
,,,,50445,Guaratuba
,,,,50446,Iguape
,,,,50447,Itabapoana
,,,,50448,Itaguaí
,,,,50449,Itaipu
,,,,50450,Itajaí
,,,,50451,Itapemirim
,,,,50452,Itapocorói
,,,,50453,Jerumirim
,,,,50454,Jerumirim e Mangaratiba
,,,,50455,Mambucaba
,,,,50456,Porto Alegre
,,,,50457,Porto Belo
,,,,50458,Portos do Sul
,,,,50459,Rio das Ostras
,,,,50460,Rio Doce
,,,,50461,Rio Grande
,,,,50462,Rio São Francisco do Sul
,,,,50463,Rio São João
,,,,50464,São Mateus
,,,,50465,Vila Nova
,,,,50466,Araçariguama
,,,,50467,Barbacena
,,,,50468,Florianópolis
,,,,50469,Jacareí
,,,,50471,Mariana Minas Gerais
,,,,50472,Minas Gerais State
,,,,50473,Niterói
,,,,50474,Curitiba
,,,,50475,Santa Catarina State
,,,,50476,São Paulo
,,,,50477,Silvianópolis
,,,,50478,Sorocaba
,,,,50479,Tatuí
,,,,50481,Viana
,,,,50482,Cerrito
,,,,50483,Fazenda do Largo
,,,,50484,Guarainha
,,,,50485,Imbetiba
,,,,50486,Ipanema
,,,,50487,Itacuruçá
,,,,50488,Leopoldina
,,,,50489,Pelotas
,,,,50490,Piúma
,,,,50491,São João da Barra
,,,,50499,"Southeast Brazil, port unspecified"
50000,Brazil,50500,Other Brazil,50599,"Brazil, place unspecified"
60000,Africa,60100,Senegambia and offshore Atlantic,60101,Albreda
,,,,60102,Arguim
,,,,60103,Bissagos
,,,,60104,Bissau
,,,,60105,Cacheu
,,,,60106,Casamance
,,,,60107,Galam
,,,,60108,Gambia
,,,,60109,Gorée
,,,,60110,James Fort
,,,,60111,"Joal, or Saloum River"
,,,,60112,Oibo
,,,,60113,Portudal
,,,,60114,Portuguese Guinea
,,,,60115,Rio Bolola
,,,,60116,Rio Bramiah
,,,,60117,Rio Grande
,,,,60118,Saint-Louis
,,,,60119,French Africa (Goree or Senegal)
,,,,60126,Cape Verde Islands
,,,,60127,Santa Catarina do Fogo
,,,,60128,Madeira
,,,,60129,Azores
,,,,60141,Canary Islands
,,,,60142,Tenerife
,,,,60143,McCarthy Island
,,,,60145,River Gambie
,,,,60146,Dakar
,,,,60147,"São Nicolau, Cape Verde"
,,,,60148,Senegal
,,,,60199,"Senegambia and offshore Atlantic, port unspecified"
60000,Africa,60200,Sierra Leone,60201,Banana Islands
,,,,60202,Bance/Bunce Island
,,,,60203,Ben's Island
,,,,60204,Cacandia
,,,,60205,Côte de Malaguette (runs through to Cape Palmas on Windward Coast)
,,,,60206,Delagoa
,,,,60207,Freetown
,,,,60208,Gallinhas
,,,,60209,Garraway Roads
,,,,60210,Iles de Los
,,,,60211,Iles Plantain
,,,,60212,Rio Nunez
,,,,60213,Rio Pongo
,,,,60214,Scarcies
,,,,60216,Settra Kou
,,,,60217,Sherbro
,,,,60218,Siraboom
,,,,60219,Sugary (Siekere)
,,,,60220,Sierra Leone estuary
,,,,60221,Bundu
,,,,60241,Mano
,,,,60242,River Kissey
,,,,60243,Bathurst (Leopold)
,,,,60244,Kissy
,,,,60245,Charlotte
,,,,60246,Gloucester
,,,,60247,Hastings
,,,,60248,Waterloo
,,,,60249,Regent
,,,,60253,Aberdeen
,,,,60254,Wellington
,,,,60256,Wilberforce
,,,,60257,Newlands
,,,,60258,Murray
,,,,60259,Leicester
,,,,60260,Fraser Town
,,,,60261,Denham Town (Lumley)
,,,,60262,Lumley
,,,,60263,Kissy and Wellington
,,,,60264,Goderich
,,,,60265,Kent
,,,,60266,Kent School
,,,,60267,Mountain School
,,,,60268,Portuguese Town
,,,,60269,Western District
,,,,60270,Mountains
,,,,60271,Tombo
,,,,60272,Sussex
,,,,60273,Calmont
,,,,60274,Allenstown
,,,,60299,"Sierra Leone, port unspecified"
60000,Africa,60300,Windward Coast,60301,Barason
,,,,60302,Bassa
,,,,60303,Batoa
,,,,60304,Bercou
,,,,60305,Cap des Palmes
,,,,60306,Cape Mount (Cape Grand Mount)
,,,,60307,Cape Petit Mount
,,,,60308,Cape Grand Mount
,,,,60309,Cape Lahou
,,,,60310,Cess
,,,,60311,Grand Cess
,,,,60312,Petit Cess
,,,,60313,Dembia
,,,,60314,Drouin
,,,,60315,Grand Bassa
,,,,60316,Little Bassa
,,,,60317,Grand Bassam
,,,,60318,Grand Junk
,,,,60319,Little Junk
,,,,60321,Grand Mesurado
,,,,60322,Petit Mesurado
,,,,60324,Rio Assini
,,,,60325,Rio Cavalie
,,,,60326,Rio Sinou
,,,,60327,River Kissey
,,,,60328,Sassandra
,,,,60329,Grand Sestos
,,,,60330,Rock Sestos
,,,,60331,St. Paul
,,,,60332,Tabou
,,,,60333,Trade Town
,,,,60334,Liberia
,,,,60335,Ivory Coast
,,,,60336,Young Sestos
,,,,60337,Little Sestos
,,,,60338,Kru Settra
,,,,60339,Cape Palmas
,,,,60340,Settra Kru
,,,,60341,Sugury
,,,,60399,"Windward Coast, place unspecified"
60000,Africa,60400,Gold Coast,60402,Danish Gold Coast
,,,,60403,Acoda (Akka or Acquida)
,,,,60404,Accra
,,,,60405,Alampo
,,,,60407,Anomabu and Apam
,,,,60408,Anomabu
,,,,60409,Apammin
,,,,60410,Apollonia
,,,,60411,Axim
,,,,60412,Cape Coast Castle
,,,,60413,Chama
,,,,60414,Christiansborg
,,,,60415,Elmina
,,,,60416,Eva
,,,,60417,Kormantine
,,,,60418,Lagoo
,,,,60419,Mouree
,,,,60420,Ningo
,,,,60421,Rio Volta
,,,,60422,Sekondi
,,,,60423,Siekere
,,,,60424,Tantumquerry
,,,,60425,Wiamba
,,,,60426,Gold Coast from Kormatine to Accra
,,,,60427,Gold Coast east of Kormantine
,,,,60428,Pokesoe (Princes Town)
,,,,60429,Boutry
,,,,60432,Padeora
,,,,60433,Nanga
,,,,60434,Prampram
,,,,60499,"Gold Coast, port unspecified"
60000,Africa,60500,Bight of Benin,60501,Benin
,,,,60502,"Costa da Mina, place unspecified"
,,,,60503,Aghway
,,,,60504,Agora
,,,,60505,Amokou
,,,,60506,Ardra
,,,,60507,Badagry/Apa
,,,,60508,Dixcove
,,,,60509,Epe
,,,,60510,Popo
,,,,60511,Little Popo
,,,,60512,Grand Popo
,,,,60513,Ife
,,,,60514,Jacquin
,,,,60515,"Whydah, Ouidah"
,,,,60516,Keta
,,,,60517,"Lagos, Onim"
,,,,60518,Lamo River
,,,,60519,Lay
,,,,60520,Legas
,,,,60521,Oerê
,,,,60522,Pataquery
,,,,60523,Porto Novo
,,,,60524,Rio Forcados/Formosa/Benin
,,,,60525,Rio Nazareth
,,,,60526,Rio Nun
,,,,60530,"Bristol Island, Nazareth"
,,,,60599,"Bight of Benin, place unspecified"
60000,Africa,60600,Bight of Biafra and Gulf of Guinea islands,60601,Andony
,,,,60602,Barabalemo
,,,,60603,Bilbay
,,,,60604,Bimbia
,,,,60605,Bonny
,,,,60607,Bundy
,,,,60608,Calabar
,,,,60609,Cameroons
,,,,60610,Cameroons River
,,,,60611,Cape Baxos
,,,,60612,Cap Lopez
,,,,60613,Cap Lopez And Cabo Santa Catarina
,,,,60614,Cape Lopez and Annobon
,,,,60615,Corisco
,,,,60616,Corisco and Princes Island
,,,,60617,Fockey
,,,,60618,Forke
,,,,60619,Formosa
,,,,60620,Gabon
,,,,60621,Liverpool River
,,,,60622,New Calabar
,,,,60623,Quaqua
,,,,60624,River Brass
,,,,60625,River del Rey
,,,,60626,Timbeys
,,,,60627,Rio Nazareth
,,,,60628,Calabary
,,,,60635,Duke Town
,,,,60636,Tom Shotts Town
,,,,60637,Creek Town
,,,,60638,Ekrikok towns
,,,,60639,Old Town
,,,,60660,Gulf of Guinea islands
,,,,60661,Annobon
,,,,60662,Epee and Princes Islands
,,,,60663,Fernando Po
,,,,60664,Fernando Po and Cameroons
,,,,60665,Fernando Po and Princes Islands
,,,,60666,Juda and Princes Islands
,,,,60667,"Juda, Epee, Princes Island, and Annobon"
,,,,60668,Princes Island
,,,,60669,Princes Island and Annobon
,,,,60670,Princes Island and Cape Lopez
,,,,60671,Princes Island and São Tomé
,,,,60672,"Principe, Cap Lopez, Annobon"
,,,,60673,São Tomé
,,,,60674,São Tomé and Annobon
,,,,60675,São Tomé and Cape Lopez
,,,,60676,São Tomé or Princes Island
,,,,60677,Costa de Africa (mainland coast around S Tome/Principe)
,,,,60699,"Bight of Biafra and Gulf of Guinea Islands, port unspecified"
60000,Africa,60700,West Central Africa and St. Helena,60701,Alecuba
,,,,60702,Ambona
,,,,60703,Ambriz
,,,,60704,Ambrizete
,,,,60705,"Barra de Cariba, Luanda"
,,,,60706,Bengo
,,,,60707,Benguela
,,,,60708,Benguela Velho
,,,,60709,Boary
,,,,60710,Bomara
,,,,60711,Cabinda
,,,,60712,Cabo Lopo Gonçalves
,,,,60713,Cape Mole
,,,,60714,Cape Padroon
,,,,60715,Coanza River
,,,,60716,Congo North
,,,,60717,Congo River
,,,,60718,Rio Zaire
,,,,60719,Grenada Point
,,,,60720,Iron Point
,,,,60721,Kacongo
,,,,60722,Kilongo
,,,,60723,Liverpool River
,,,,60724,Loango
,,,,60725,Malembo
,,,,60726,Mayumba
,,,,60727,Metrueba
,,,,60728,"Mossulo, Luanda"
,,,,60729,Mpinda
,,,,60730,Novo Redondo
,,,,60731,Penido
,,,,60732,Quicombo
,,,,60733,Salinas
,,,,60734,Luanda
,,,,60735,Rio Dande (N of Luanda)
,,,,60739,Ascension Island
,,,,60740,St. Helena
,,,,60741,Soyo
,,,,60742,"Ponta da Lenha, Congo River"
,,,,60799,"West Central Africa and St. Helena, port unspecified"
60000,Africa,60800,East Africa and Indian Ocean islands,60801,Anghoza River
,,,,60802,Cabo Delgado
,,,,60803,Cape of Good Hope
,,,,60805,Costa Leste Occidental
,,,,60806,Ibo
,,,,60807,Inhambane
,,,,60808,Quirimba
,,,,60809,Kilwa
,,,,60810,Lourenço Marques
,,,,60811,Madagascar
,,,,60812,Mauratan
,,,,60813,Morondova
,,,,60814,Port Dauphin
,,,,60815,St. Mary's Island
,,,,60816,Tulia
,,,,60817,Mocambo
,,,,60819,Momboza or Zanzibar
,,,,60820,Mozambique
,,,,60821,"Pomba, Monfia"
,,,,60822,Quilimane
,,,,60823,Sofala
,,,,60824,St. Lawrence
,,,,60826,Zanzibar
,,,,60831,Mascarene Islands
,,,,60832,Bourbon
,,,,60833,Ile de France
,,,,60834,Port-Louis
,,,,60836,Johanna Island
,,,,60837,Mauritius (Ile de France)
,,,,60838,"Ascension, Assomption, and Bourbon"
,,,,60839,Angossy Bay
,,,,60840,Antongil Bay
,,,,60841,Assada
,,,,60842,Boina
,,,,60843,Bombetoc; Bombetoka; Mahajanga; Majunga
,,,,60844,Bonnivoul
,,,,60845,Farantangane
,,,,60846,Foulpointe
,,,,60847,Luna Roads
,,,,60848,Manabullo
,,,,60849,Manazary; Manajary
,,,,60850,Mangally
,,,,60851,Maningare; Manningare
,,,,60852,Massalege; Massaliege; Massaly; Magelage; Mazalagem
,,,,60853,Matitanana
,,,,60854,Morondava
,,,,60855,Morongany; Morongambo; Maringando
,,,,60856,Pointe Larée
,,,,60857,Sadian Bon Porto
,,,,60858,Saint Augustine's Bay; St. Augustin Bay
,,,,60859,Sainte Luce
,,,,60860,Tsiribihina
,,,,60861,Vohemar; Wohemar Bay
,,,,60862,Delagoa Bay
,,,,60863,Swahili coast
,,,,60864,Lindi
,,,,60865,Malimbe
,,,,60866,Manguira
,,,,60867,Mikindani
,,,,60868,Mongale
,,,,60869,"Comoro islands, port unspecified"
,,,,60870,Mohilla
,,,,60871,"Seychelles, port unspecified"
,,,,60872,Horn of Africa
,,,,60898,"East Africa, port unspecified"
,,,,60899,"Southeast Africa and Indian Ocean islands, port unspecified"
60000,Africa,60900,Other Africa,60901,Princes Island and Elmina
,,,,60902,Angola (possibly New Calabar)
,,,,60903,Senegambia or Sierra Leone
,,,,60908,West of Cape Apolonia
,,,,60909,Angola to Ardra
,,,,60912,Windward + Ivory + Gold + Benin
,,,,60913,C.C. Castle and Windward
,,,,60914,Gold Coast + Bight of Benin + Bight of Biafra
,,,,60915,Bights
,,,,60916,Windward Coast (Nunez - Assini)
,,,,60917,"Gold Coast, Fr. definition"
,,,,60981,Causacoo (location undetermined)
,,,,60982,Cape St Martha (location undetermined)
,,,,60983,Casnasonis (location undetermined)
,,,,60984,Massa (location undetermined)
,,,,60985,Touau-Toro (location undetermined)
,,,,60986,Cape Logas (location undetermined)
,,,,60999,"Africa, port unspecified"
70000,Middle East,70100,Other Middle East,70199,"Middle East, port unspecified"
70000,Middle East,70200,Red Sea and Gulf of Aden,70201,Aden
,,,,70202,Assab
,,,,70203,Berbera
,,,,70204,Hodeidah
,,,,70205,Jeddah
,,,,70206,Massawa
,,,,70207,Port Sudan
,,,,70208,Suakin
,,,,70299,"Red Sea and Gulf of Aden, port unspecified"
70000,Middle East,70400,Persian Gulf and the Gulf of Oman,70401,Abu Dhabi
,,,,70402,Bahrain
,,,,70403,Bandar Abbas
,,,,70404,Bander Jask
,,,,70405,Bander Kangan
,,,,70406,Bander Lingah
,,,,70407,Bander Rig
,,,,70408,Basrah
,,,,70409,Chah Bahar
,,,,70410,Damman
,,,,70411,Doha
,,,,70412,Dubai
,,,,70413,Guwadar
,,,,70414,Jubayl
,,,,70415,Kuwait
,,,,70416,Manamah
,,,,70417,Muharraq
,,,,70418,Muscat
,,,,70419,Ras al-Hadd
,,,,70420,Ras al-Khaymah
,,,,70421,Suhar
,,,,70422,Sur
,,,,70423,Zubarah
,,,,70499,"Persian Gulf and Gulf of Oman, port unspecified"
80000,Asia,80200,South Asia,80202,"Northwestern India, port unspecified"
,,,,80203,Bombay
,,,,80204,Cambay
,,,,80205,Daman
,,,,80206,Diu
,,,,80207,Goa
,,,,80208,Surat
,,,,80209,"Malabar Coast, port unspecified"
,,,,80210,Anjengo
,,,,80211,Calicut
,,,,80212,Cochin
,,,,80213,Tellicherry
,,,,80214,Arakan
,,,,80215,Angarcale
,,,,80216,Dianga
,,,,80217,Bengal
,,,,80218,Calcutta
,,,,80219,Chandernagore
,,,,80220,Chittagong
,,,,80221,Kedgeree/Kagery
,,,,80222,"Coromandel Coast, port unspecified"
,,,,80223,Bimilipatam
,,,,80224,Coringa
,,,,80225,Cuddalore
,,,,80226,Devanampatnam
,,,,80227,Ganjam
,,,,80228,Jaggernatpooram
,,,,80229,Karaikal
,,,,80230,Madras/Fort St. George
,,,,80231,Madurai
,,,,80232,Masulipatam
,,,,80233,Nagapatam
,,,,80234,Pondichéry
,,,,80235,Porto Novo
,,,,80236,Pulicat
,,,,80237,Tegnapatam/Fort St. David
,,,,80238,Tranquebar
,,,,80239,Vizagapatam
,,,,80240,Wattara
,,,,80241,Yanam
,,,,80242,Ceylon
,,,,80243,Colombo
,,,,80244,Galle
,,,,80245,Trincomalee
,,,,80299,"South Asia, port unspecified"
80000,Asia,80400,Insular Southeast Asia,80402,Alor
,,,,80403,Bali
,,,,80404,Batak
,,,,80405,Borneo; Kalimantan
,,,,80406,Banjarmasin
,,,,80407,Burma
,,,,80408,Cambodia
,,,,80409,Ende
,,,,80410,Flores
,,,,80411,Java
,,,,80412,Bantam; Banten
,,,,80413,Batavia
,,,,80414,Lombok
,,,,80415,Malay Peninsula; Malaya
,,,,80416,Kedah; Quedah
,,,,80417,Malacca
,,,,80418,Penang
,,,,80419,Singapore
,,,,80420,Manado
,,,,80421,Manggarai
,,,,80422,"Mentawai Islands, port unspecified"
,,,,80423,Moluccas; Malukus
,,,,80424,Amboina; Ambon
,,,,80425,Banda
,,,,80426,Laguna
,,,,80427,Nias
,,,,80428,Papua
,,,,80429,"Philippines, port unspecified"
,,,,80430,Bohol
,,,,80431,Cebu
,,,,80432,Leyte
,,,,80433,Manila
,,,,80434,Mindanao
,,,,80435,Negros
,,,,80436,Panay
,,,,80437,Riau
,,,,80438,Samar
,,,,80439,Sulawesi
,,,,80440,Makassar
,,,,80441,"Sulu Archipelago, port unspecified"
,,,,80442,Jolo
,,,,80443,Sumatra
,,,,80444,Acheh; Banda Aceh
,,,,80445,Bencoolen; Benkulu; Bengkulu
,,,,80446,Pryaman
,,,,80447,Sumbawa
,,,,80448,Tawi-Tawi
,,,,80449,Ternate
,,,,80450,"Thailand, port unspecified"
,,,,80451,Timor
,,,,80452,"Vietnam, port unspecified"
,,,,80499,"Southeast Asia, port unspecified"
80000,Asia,80600,East Asia,80602,"China, port unspecified"
,,,,80603,Macau
,,,,80604,"Japan, port unspecified"
,,,,80605,Nagasaki
,,,,80606,"Korea, port unspecified"
,,,,80699,"East Asia, port unspecified"
80000,Asia,80900,Other Asia,80999,"Asia, port unspecified"
90000,Other,90200,Americas,90201,"Guecka, location undetermined"
,,,,90202,"Rocus, location undetermined"
,,,,90203,"Kalas, location undetermined"
,,,,90204,"Imfors Bay, location undetermined"
,,,,90205,"Marrader (Morada?), location undetermined"
,,,,90299,"Americas, port unspecified"
90000,Other,90400,Spanish Americas,90401,"Spanish American Mainland, port unspecified"
,,,,90499,"Spanish Americas, port unspecified"
90000,Other,90500,British Americas,90501,"Kingston, Savannah, Maryland"
,,,,90599,"British Americas, port unspecified"
90000,Other,90600,Other Asia e Africa,90601,"Asia e Africa, port unspecified"
90000,Other,90700,Non-geographical,90703,British plantations
,,,,90704,Non-British
,,,,90705,Captured by WIC
,,,,90706,Captured interloper
,,,,90707,Prize (unknown place)
,,,,90708,Prize (taken from Dutch)
,,,,90709,Prize (taken from French)
,,,,90710,Prize (taken from Spanish)
,,,,90711,Sold at sea to another vessel
,,,,90712,Wreck
,,,,90713,Slaves rescued at sea from a shipwreck
,,,,90714,Prize (taken from Portuguese)
,,,,90715,Prize (taken from USA)
,,,,90716,Taken at sea from pirates
,,,,90717,Seized at sea by Spanish officials
,,,,90718,"Iberian World, port unspecified"
,,,,90719,At sea
,,,,90799,"Other, non Geographical"
90000,Other,99800,Codes without labels,39040,Bottomaneau (location undetermined)
,,,,99801,Unkown
